id,question,slug,start_date,end_date,volume,liquidity,active,closed
75,"Will the Ethereum 2.0 Genesis Event happen successfully on December 1st, 2020?",will-the-ethereum-20-genesis-event-happen-successfully-on-december-1st-2020,,,,,True,True
8938,"Will ETH be above $1,500 on January 27th?",will-eth-be-above-1-500-on-january-27th,,,,,True,True
61328,"Will ETH be above $1500 on February 3rd, 2021?",will-eth-be-above-1500-on-february-3rd-2021,,,,,True,True
71914,"Will ETH be above $2000 on March 1st, 2021?",will-eth-be-above-2000-on-march-1st-2021,,,,,True,True
79704,Will the average Ethereum gas price be below 165 Gwei on February 16?,will-the-average-ethereum-gas-price-be-below-165-gwei-on-february-16,,,,,True,True
98033,"Will ETH be above $2000 on April 1st, 2021?",will-eth-be-above-2000-on-april-1st-2021,,,,,True,True
98685,"Will ETH be above $1500 on March 7th, 2021?",will-eth-be-above-1500-on-march-7th-2021,,,,,True,True
101793,"Will ETH be above $1750 on March 22nd, 2021?",will-eth-be-above-1750-on-march-22nd-2021-1,,,,,True,True
101817,Will the average Ethereum gas price be below 130 Gwei on March 20?,will-the-average-ethereum-gas-price-be-below-130-gwei-on-march-20,,,,,True,True
107931,Will the average Ethereum gas price be below 150 Gwei on April 5?,will-the-average-ethereum-gas-price-be-below-150-gwei-on-april-5,,,,,True,True
118045,Will the average Ethereum gas price be below 170 Gwei on April 19?,will-the-average-ethereum-gas-price-be-below-170-gwei-on-april-19,,,,,True,True
125038,"Will Binance Coin (BNB) have a higher market cap than Ethereum (ETH) at any time before July 1, 2021?",will-binance-coin-bnb-have-a-higher-market-cap-than-ethereum-eth-at-any-time-before-july-1-2021,,,,,True,True
142028,"Will the average Ethereum gas price be below 150 Gwei on May 4, 2021?",will-the-average-ethereum-gas-price-be-below-150-gwei-on-may-4-2021,,,,,True,True
201776,Will Tesla announce that it has bought Ethereum by July 25?,will-tesla-announce-that-it-has-bought-ethereum-by-july-25,,,,,True,True
215348,What will the price of $ETH be on June 22?,what-will-the-price-of-eth-be-on-june-22,,,,,True,True
222356,Will $ETH (Ethereum) be above $2500 on July 22?,will-eth-ethereum-be-above-2500-on-july-22,,,,,True,True
222641,"Will EIP-1559 be implemented on the Ethereum mainnet before August 5, 2021?",will-eip-1559-be-implemented-on-the-ethereum-mainnet-before-august-5-2021,,,,,True,True
222995,What will the price of $ETH be on July 19?,what-will-the-price-of-eth-be-on-july-19,,,,,True,True
224612,Will the floor price of CryptoPunks be below 19.5 ETH on August 10? ,will-the-floor-price-of-cryptopunks-be-below-195-eth-on-august-10,,,,,True,True
225509,"Will EIP-1559 be implemented live on Ethereum mainnet by 10 AM ET on August 5, 2021?",will-eip-1559-be-implemented-on-the-ethereum-mainnet-by-10am-aug5,,,,,True,True
226967,What will the price of $ETH be on August 11?,what-will-the-price-of-eth-be-on-august-11,,,,,True,True
228764,"Will EIP-1559 be implemented live on Ethereum mainnet by 8:45 AM ET on August 5, 2021?",will-eip-1559-be-implemented-live-on-ethereum-mainnet-by-845-am-et-on-august-5-2021,,,,,True,True
231441,How much ETH will be burned one month after EIP-1559 was implemented?,how-much-eth-will-be-burned-one-month-after-eip-1559-was-implemented,,,,,True,True
236507,"Will Ethereum switch to Proof-of-Stake (EIP-3675) by February 22, 2022?",will-ethereum-switch-to-proof-of-stake-eip-3675-by-february-22-2022,,,,,True,True
238643,Will the floor price of CryptoPunks be above 100 ETH on October 1?,will-the-floor-price-of-cryptopunks-be-above-100-eth-on-october-1,,,,,True,True
238698,Will Theranos executive Elizabeth Holmes be found guilty of fraud?,will-theranos-exec-elizabeth-holmes-be-found-guilty-of-fraud,,,,,True,True
238712,"What will the ETH floor price of Bored Apes be on September 21, 2021?",what-will-the-floor-price-of-bored-apes-be-on-september-21-2021,,,,,True,True
238713,"What will the ETH floor price of CryptoPunks be on September 21, 2021?",what-will-the-floor-price-of-cryptopunks-be-on-october-1-2021,,,,,True,True
238714,"What will the ETH floor price of Loot (for Adventurers) be on September 21, 2021?",what-will-the-floor-price-of-loot-for-adventurers-be-on-september-21-2021,,,,,True,True
238715,"What will the ETH floor price of Blitmaps be on September 21, 2021?",what-will-the-floor-price-of-blitmaps-be-on-september-21-2021,,,,,True,True
238820,"What will the ETH floor price of Bored Apes be on October 1, 2021?",what-will-the-eth-floor-price-of-bored-apes-be-on-october-1-2021,,,,,True,True
238822,"What will the ETH floor price of CryptoPunks be on October 1, 2021?",what-will-the-eth-floor-price-of-cryptopunks-be-on-october-1-2021,,,,,True,True
238927,Will the floor price of CryptoPunks be above 120 ETH on October 15?,will-the-floor-price-of-cryptopunks-be-above-120-eth-on-october-15,,,,,True,True
238994,Will the floor price of CryptoPunks be above 100 ETH on November 1?,will-the-floor-price-of-cryptopunks-be-above-100-eth-on-november-1,,,,,True,True
239015,Will @richerd sell Cryptopunk 6046 for 2500 ETH or more by October 22nd?,will-richerd-sell-cryptopunk-6046-for-at-least-2500eth-by-october-22nd,,,,,True,True
239074,Will Ethereum reach $4500 by November 11th?,will-ethereum-reach-4500-by-november-11th,,,,,True,True
239138,"Will there be 750,000 or more total ETH burned before November 4th, 2021?",will-there-be-750000-or-more-total-eth-burned-before-november-4th-2021,,,,,True,True
239184,Will the floor price of CryptoPunks be above 100 ETH on November 15?,will-the-floor-price-of-cryptopunks-be-above-100-eth-on-november-15,,,,,True,True
239213,"Will there be 850,000 or more total ETH burned before November 10th, 2021?",will-there-be-850000-or-more-total-eth-burned-before-november-10th-2021,,,,,True,True
239217,Will Ethereum reach $5000 by November 17th?,will-ethereum-reach-5000-by-november-17th,,,,,True,True
239311,Will the floor price of CryptoPunks be above 85 ETH on November 15?,will-the-floor-price-of-cryptopunks-be-above-85-eth-on-november-15,,,,,True,True
239315,Will $ENS (Ethereum Name Service) be above $40 on November 15?,will-ens-ethereum-name-service-be-above-40-on-november-15,,,,,True,True
239327,"Will $ETH (Ethereum) be above $4,750 on November 12th, 12pm ET?",will-eth-ethereum-be-above-4750-on-november-12th-12pm-et,,,,,True,True
239354,Will Ethereum Name Service ($ENS) be listed for trading on Coinbase by November 18th?,will-ethereum-name-service-ens-be-listed-for-trading-on-coinbase-by-november-18th,,,,,True,True
239373,"What will the price of Ethereum Name Service ($ENS) be at noon on November 16, 2021?",what-will-the-price-of-ethereum-name-service-ens-be-at-noon-on-november-16-2021-1,,,,,True,True
239401,Will the floor price of CryptoPunks be above 75 ETH on November 30?,will-the-floor-price-of-cryptopunks-be-above-75-eth-on-november-30,,,,,True,True
239461,"Will $ETH (Ethereum) be above $4,500 on November 24th, 12pm ET?",will-eth-ethereum-be-above-4500-on-november-24th-12pm-et,,,,,True,True
239491,Will $ENS (Ethereum Name Service) be above $50 on November 25?,will-ens-ethereum-name-service-be-above-50-on-november-25,,,,,True,True
239567,Which cryptocurrency will perform better in November 2021: Bitcoin or Ethereum?,which-cryptocurrency-will-perform-better-in-november-2021-bitcoin-or-ethereum,,,,,True,True
239599,Will the floor price of Chain Runners be above 1.25 ETH on December 2?,will-the-floor-price-of-chain-runners-be-above-1pt25-eth-on-december-2,,,,,True,True
239603,What will the ETH floor price of Chain Runners be on December 2?  ,what-will-the-eth-floor-price-of-chain-runners-be-on-december-2,,,,,True,True
239677,Will the Ethereum ($ETH) Market Cap be above $520 billion on December 9?,will-the-ethereum-eth-market-cap-be-above-520-billion-on-december-9,,,,,True,True
239678,"Will the floor price of CryptoPunks be above 85 ETH on December 16, 2021?",will-the-floor-price-of-cryptopunks-be-above-85-eth-on-december-16-2021,,,,,True,True
239742,Will Ethereum reach $5000 by the end of 2021?,will-ethereum-reach-5000-this-year,,,,,True,True
239743,Which cryptocurrency will perform better in December 2021: Bitcoin or Ethereum?,which-cryptocurrency-will-perform-better-in-december-2021-bitcoin-or-ethereum,,,,,True,True
239911,"Will the floor price of CryptoPunks be above 55 ETH on December 23, 2021?",will-the-floor-price-of-cryptopunks-be-above-55-eth-on-december-23-2021,,,,,True,True
239912,"Will the floor price of CryptoPunks be above 69 ETH on December 23, 2021?",will-the-floor-price-of-cryptopunks-be-above-69-eth-on-december-23-2021,,,,,True,True
239913,"Will the floor price of CryptoPunks be above 75 ETH on December 23, 2021?",will-the-floor-price-of-cryptopunks-be-above-75-eth-on-december-23-2021,,,,,True,True
239914,"Will the floor price of CryptoPunks be above 90 ETH on December 23, 2021?",will-the-floor-price-of-cryptopunks-be-above-90-eth-on-december-23-2021,,,,,True,True
240032,"Will $ETH (Ethereum) be above $4,000 on December 23, 12pm ET?",will-eth-ethereum-be-above-4000-on-december-23-12pm-et,,,,,True,True
240040,"Will the floor price of Bored Apes be above 48 ETH on December 22, 2021?",will-the-floor-price-of-bored-apes-be-above-48-eth-on-december-22-2021,,,,,True,True
240041,"Will the floor price of Bored Apes be above 50 ETH on December 22, 2021?",will-the-floor-price-of-bored-apes-be-above-50-eth-on-december-22-2021,,,,,True,True
240042,"Will the floor price of Bored Apes be above 54 ETH on December 22, 2021?",will-the-floor-price-of-bored-apes-be-above-54-eth-on-december-22-2021,,,,,True,True
240197,Will the floor price of CryptoPunks be above 55 ETH on January 13?,will-the-floor-price-of-cryptopunks-be-above-55-eth-on-january-13,,,,,True,True
240198,Will the floor price of CryptoPunks be above 69 ETH on January 13?,will-the-floor-price-of-cryptopunks-be-above-69-eth-on-january-13,,,,,True,True
240199,Will the floor price of CryptoPunks be above 75 ETH on January 13?,will-the-floor-price-of-cryptopunks-be-above-75-eth-on-january-13,,,,,True,True
240200,Will the floor price of Bored Apes be above 53 ETH on January 14?,will-the-floor-price-of-bored-apes-be-above-53-eth-on-january-14,,,,,True,True
240201,Will the floor price of Bored Apes be above 59 ETH on January 14?,will-the-floor-price-of-bored-apes-be-above-59-eth-on-january-14,,,,,True,True
240202,Will the floor price of Bored Apes be above 65 ETH on January 14?,will-the-floor-price-of-bored-apes-be-above-65-eth-on-january-14,,,,,True,True
240204,Will the floor price of Mutant Apes be above 7 ETH on January 12?,will-the-floor-price-of-mutant-apes-be-above-7-eth-on-january-12,,,,,True,True
240205,Will the floor price of Mutant Apes be above 10 ETH on January 12?,will-the-floor-price-of-mutant-apes-be-above-10-eth-on-january-12,,,,,True,True
240207,Will the floor price of Mutant Apes be above 13 ETH on January 12?,will-the-floor-price-of-mutant-apes-be-above-13-eth-on-january-12,,,,,True,True
240227,"Will $ETH (Ethereum) be above $4,000 on January 12, 12pm ET?",will-eth-ethereum-be-above-4000-on-january-12-12pm-et,,,,,True,True
240298,"Will $ETH (Ethereum) be above $3,800 on January 12, 12pm ET?",will-eth-ethereum-be-above-3800-on-january-12-12pm-et,,,,,True,True
240422,"Will the floor price of Mutant Apes be above 7 ETH on February 1st, 2022?",will-the-floor-price-of-mutant-apes-be-above-7-eth-on-february-1st-2022,,,,,True,True
240423,"Will the floor price of Mutant Apes be above 10 ETH on February 1st, 2022?",will-the-floor-price-of-mutant-apes-be-above-10-eth-on-february-1st-2022,,,,,True,True
240424,"Will the floor price of Mutant Apes be above 15 ETH on February 1st, 2022?",will-the-floor-price-of-mutant-apes-be-above-15-eth-on-february-1st-2022,,,,,True,True
240425,"Will the floor price of Mutant Apes be above 20 ETH on February 1st, 2022?",will-the-floor-price-of-mutant-apes-be-above-20-eth-on-february-1st-2022,,,,,True,True
240451,"Will the floor price of CryptoPunks be above 50 ETH on February 1st, 2022?",will-the-floor-price-of-cryptopunks-be-above-50-eth-on-february-1st-2022,,,,,True,True
240454,"Will the floor price of CryptoPunks be above 60 ETH on February 1st, 2022?",will-the-floor-price-of-cryptopunks-be-above-60-eth-on-february-1st-2022,,,,,True,True
240456,"Will the floor price of CryptoPunks be above 70 ETH on February 1st, 2022?",will-the-floor-price-of-cryptopunks-be-above-70-eth-on-february-1st-2022,,,,,True,True
240486,"Will the floor price of Doodles be above 7 ETH on February 1st, 2022?",will-the-floor-price-of-doodles-be-above-7-eth-on-february-1st-2022,,,,,True,True
240489,"Will the floor price of Doodles be above 9 ETH on February 1st, 2022?",will-the-floor-price-of-doodles-be-above-9-eth-on-february-1st-2022,,,,,True,True
240492,"Will the floor price of Doodles be above 12 ETH on February 1st, 2022?",will-the-floor-price-of-doodles-be-above-12-eth-on-february-1st-2022,,,,,True,True
240520,Will $ETH flip $BTC in market cap in 2022?,will-eth-flip-btc-in-market-cap-in-2022,,,,,True,True
240625,"Will the floor price of Bored Apes be above 59 ETH on February 1st, 2022?",will-the-floor-price-of-bored-apes-be-above-59-eth-on-february-1st-2022,,,,,True,True
240626,"Will the floor price of Bored Apes be above 69 ETH on February 1st, 2022?",will-the-floor-price-of-bored-apes-be-above-69-eth-on-february-1st-2022,,,,,True,True
240627,"Will the floor price of Bored Apes be above 79 ETH on February 1st, 2022?",will-the-floor-price-of-bored-apes-be-above-79-eth-on-february-1st-2022,,,,,True,True
240628,"Will the floor price of Bored Apes be above 89 ETH on February 1st, 2022?",will-the-floor-price-of-bored-apes-be-above-89-eth-on-february-1st-2022,,,,,True,True
240653,Will $BTC or $ETH perform better in 2022?,will-btc-or-eth-perform-better-in-2022,,,,,True,True
240685,Will Bitcoin or Ethereum perform better in February 2022?,will-bitcoin-or-ethereum-perform-better-in-february-2022,,,,,True,True
240686,Will Bitcoin or Ethereum perform better in January 2022?,will-bitcoin-or-ethereum-perform-better-in-january-2022,,,,,True,True
240688,Will Bitcoin or Ethereum perform better in March 2022?,will-bitcoin-or-ethereum-perform-better-in-march-2022,,,,,True,True
240835,"Will the Ethereum Merge (EIP-3675) occur by May 1, 2022?",will-the-ethereum-merge-eip-3675-occur-by-may-1-2022,,,,,True,True
240836,"Will the Ethereum Merge (EIP-3675) occur by June 1, 2022?",will-the-ethereum-merge-eip-3675-occur-by-june-1-2022,,,,,True,True
240838,"Will the Ethereum Merge (EIP-3675) occur by August 1, 2022?",will-the-ethereum-merge-eip-3675-occur-by-august-1-2022,,,,,True,True
240839,"Will the Ethereum Merge (EIP-3675) occur by July 1, 2022?",will-the-ethereum-merge-eip-3675-occur-by-july-1-2022,,,,,True,True
240840,"Will the Ethereum Merge (EIP-3675) occur by September 1, 2022?",will-the-ethereum-merge-eip-3675-occur-by-september-1-2022,,,,,True,True
240942,"Will Ethereum (ETH) be above $3,000 at noon on January 31 2022?",will-ethereum-eth-price-be-above-3000-at-noon-on-january-31-2022,,,,,True,True
241221,Will Ethereum dip below $2000 by March 1?,will-ethereum-dip-below-2000-by-march-1,,,,,True,True
241222,Will Ethereum reach $3000 by Valentine's Day?,will-ethereum-reach-3000-by-valentines-day,,,,,True,True
241268,Will the floor price of Mutant Apes be above 25 ETH on February 17?,will-the-floor-price-of-mutant-apes-be-above-25-eth-on-february-17,,,,,True,True
241332,Will the floor price of Bored Apes be above 100 ETH on Valentine's Day?,will-the-floor-price-of-bored-apes-be-above-100-eth-on-valentines-day,,,,,True,True
241334,Will the floor price of CryptoPunks be above 75 ETH on February 11th?,will-the-floor-price-of-cryptopunks-be-above-75-eth-on-february-11th,,,,,True,True
241427,"What will the price of Ethereum ($ETH) be on March 10, 2022? ",what-will-the-price-of-ethereum-eth-be-on-march-10-2022,,,,,True,True
241509,"Will Ethereum be above $3000 on March 1, 2022?",will-ethereum-be-above-3000-on-march-1-2022,,,,,True,True
241510,"Will the floor price of Bored Apes be over 100 ETH on February 25, 2022?",will-the-floor-price-of-bored-apes-be-over-100-eth-on-february-25-2022,,,,,True,True
241511,Will the floor price of CryptoPunks be below 42 ETH on 4/20/22?,will-the-floor-price-of-cryptopunks-be-below-42-eth-on-42022,,,,,True,True
241701,"Will Ethereum be above $2500 on March 2, 2022?",will-ethereum-be-above-2500-on-march-2-2022,,,,,True,True
241726,"Will the floor price of Bored Apes be over 80 ETH on March 4, 2022?",will-the-floor-price-of-bored-apes-be-over-80-eth-on-march-4-2022,,,,,True,True
241811,"Will Ethereum be above $3000 on March 9, 2022?",will-ethereum-be-above-3000-on-march-9-2022,,,,,True,True
241981,"Will the price of $ETH be above $2,600 on March 15, 2022?",will-the-price-of-eth-be-above-2600-on-march-15-2022,,,,,True,True
242070,"Will the price of $ETH be above $2,600 on March 24, 2022?",will-the-price-of-eth-be-above-2600-on-march-24-2022,,,,,True,True
242252,"Will the floor price of Bored Apes be over 100 ETH on April 1, 2022?",will-the-floor-price-of-bored-apes-be-over-100-eth-on-april-1-2022,,,,,True,True
242254,Will the floor price of Bored Apes be under 69 ETH on 4/20/2022?,will-the-floor-price-of-bored-apes-be-under-69-eth-on-4202022,,,,,True,True
242353,Will the floor price of Mutant Apes be above 30 ETH on April 26?,will-the-floor-price-of-mutant-apes-be-above-30-eth-on-4262022,,,,,True,True
242355,Will the floor price of Bored Apes be below 40 ETH on April 27?,will-the-floor-price-of-bored-apes-be-below-40-eth-on-4272022,,,,,True,True
242356,Will the floor price of Bored Apes be above 150 ETH on April 25?,will-the-floor-price-of-bored-apes-be-above-150-eth-on-4252022,,,,,True,True
242358,Will the floor price of Mutant Apes be below 10 ETH on April 22?,will-the-floor-price-of-mutant-apes-be-below-10-eth-on-4222022,,,,,True,True
242360,"Will $ETH be above $3,000 on April 1, 2022?",will-the-price-of-1-eth-be-above-3000-on-april-1-2022,,,,,True,True
242451,Golf: Will Jordan Spieth win the 2022 Masters Tournament?,golf-will-jordan-spieth-win-the-2022-masters-tournament,,,,,True,True
242601,"Will $ETH be above $3,400 on April 8th, 2022?",will-eth-be-above-3400-on-april-8th-2022,,,,,True,True
242832,Will the floor price of Azuki be 30 ETH or more on April 19?,will-the-floor-price-of-azuki-be-30-eth-or-more-on-april-19,,,,,True,True
242833,Will the floor price of Doodles be 17 ETH or more on April 17?,will-the-floor-price-of-doodles-be-17-eth-or-more-on-april-17,,,,,True,True
243025,"Will $ETH be above $3,250 on April 13th, 2022?",will-eth-be-above-3250-on-april-13th-2022,,,,,True,True
243049,Will Ethereum's price have a 10% or more daily change on any day in April 2022?,will-ethereums-price-have-a-10-or-more-daily-change-on-any-day-in-april-2022,,,,,True,True
243180,Will the floor price of CryptoPunks be below 65 ETH on April 21?,will-the-floor-price-of-cryptopunks-be-below-65-eth-on-april-21,,,,,True,True
243181,Will the floor price of Azuki be 25 ETH or more on April 22?,will-the-floor-price-of-azuki-be-25-eth-or-more-on-april-22,,,,,True,True
243182,Will the floor price of Bored Apes be 111 ETH or more on April 23?,will-the-floor-price-of-bored-apes-be-111-eth-or-more-on-april-23,,,,,True,True
243183,"Will $ETH be above $3,000 on April 20, 2022?",will-eth-be-above-3000-on-april-20-2022,,,,,True,True
243230,Will the floor price of Doodles be 15 ETH or more on April 24?,will-the-floor-price-of-doodles-be-15-eth-or-more-on-april-24,,,,,True,True
243251,"Will the Ethereum Merge (EIP-3675) occur by October 1, 2022?",will-the-ethereum-merge-eip-3675-occur-by-october-1-2022,,,,,True,True
243254,"Will the Ethereum Merge (EIP-3675) occur by January 1, 2023?",will-the-ethereum-merge-eip-3675-occur-by-january-1-2023,,,,,True,True
243455,Will the floor price of Moonbirds be 15 ETH or more on April 27?,will-the-floor-price-of-moonbirds-be-15-eth-or-more-on-april-27,,,,,True,True
243511,"Will $ETH be above $3,100 on April 28, 2022?",will-eth-be-above-3100-on-april-28-2022,,,,,True,True
243579,"Will $ETH be above $3,000 on May 1, 2022?",will-eth-be-above-3000-on-may-1-2022,,,,,True,True
243591,"Will the floor price of Moonbirds be 30 ETH or more on May 15, 2022?",will-the-floor-price-of-moonbirds-be-30-eth-or-more-on-may-15-2022,,,,,True,True
243831,Will the floor price of Bored Apes be above 135 ETH on May 5?,will-the-floor-price-of-bored-apes-be-above-135-eth-on-may-5,,,,,True,True
243951,"Will $ETH be above $2,900 on May 7, 2022?",will-eth-be-above-2900-on-may-7-2022,,,,,True,True
243993,Will Bitcoin or Ethereum perform better in May 2022?,will-bitcoin-or-ethereum-perform-better-in-may-2022,,,,,True,True
244161,BAYC Metaverse: Will the floor price of Otherdeed be above 3.5 ETH on May 9?,bayc-metaverse-will-the-floor-price-of-otherdeed-be-above-3pt5-eth-on-may-9,,,,,True,True
244303,"Will $ETH be above $2,700 on May 14, 2022?",will-eth-be-above-2700-on-may-14-2022,,,,,True,True
244364,Will Ethereum's (ETH) price have a 10% or more daily change on any day in May 2022?,will-ethereums-eth-price-have-a-10-or-more-daily-change-on-any-day-in-may-2022,,,,,True,True
244367,Will the floor price of Azuki be 26 ETH or more on May 15?,will-the-floor-price-of-azuki-be-26-eth-or-more-on-may-15,,,,,True,True
244368,Will the floor price of Bored Apes be above 110 ETH on May 19?,will-the-floor-price-of-bored-apes-be-above-110-eth-on-may-19,,,,,True,True
244369,Will the floor price of Doodles be 22 ETH or more on May 17?,will-the-floor-price-of-doodles-be-22-eth-or-more-on-may-17,,,,,True,True
244592,Will $ETH be above $2500 on May 20?,will-eth-be-above-2500-on-may-20,,,,,True,True
244593,Will the Otherdeed floor price be above 3 ETH on May 20?,will-the-otherdeed-floor-price-be-above-3-eth-on-may-20,,,,,True,True
244596,"Will $ETH hit $3,000 or $2,000 first?",will-eth-hit-3000-or-2000-first,,,,,True,True
244627,Will the floor price of CryptoPunks be above 52 ETH on May 26?,will-the-floor-price-of-cryptopunks-be-above-52-eth-on-may-26,,,,,True,True
244628,Will the floor price of Bored Apes be above 100 ETH on May 25?,will-the-floor-price-of-bored-apes-be-above-100-eth-on-may-25,,,,,True,True
244677,"Will $ETH be above $2,000 on May 20?",will-eth-be-above-2000-on-may-20,,,,,True,True
245033,"Will $ETH be above $2,000 on May 27?",will-eth-be-above-2000-on-may-27,,,,,True,True
245257,Will the Otherdeed floor price be above 3.5 ETH on June 6?,will-the-otherdeed-floor-price-be-above-3pt5-eth-on-june-6,,,,,True,True
245277,Will the floor price of Bored Apes be above 93 ETH on May 30th? ,will-the-floor-price-of-bored-apes-be-above-93-eth-on-may-30th,,,,,True,True
245419,Will the floor price of Goblintowns be above 1 ETH on June 3?,will-the-floor-price-of-goblintowns-be-above-1-eth-on-june-3,,,,,True,True
245570,"Will $ETH be above $1,800 on June 3?",will-eth-be-above-1800-on-june-3,,,,,True,True
245571,"Will $ETH hit $1,500 or $2,500 first?",will-eth-hit-1500-or-2500-first,,,,,True,True
245878,Will the floor price of goblintown.wtf be above 2 ETH on June 13?,will-the-floor-price-of-goblintownwtf-be-above-2-eth-on-june-13,,,,,True,True
246215,"Will $ETH be above $1,800 on June 10?",will-eth-be-above-1800-on-june-10,,,,,True,True
246497,Will the floor price of goblintown.wtf be above 5 ETH on June 13?,will-the-floor-price-of-goblintownwtf-be-above-5-eth-on-june-13,,,,,True,True
246499,Will the floor price of 'We Are All Going to Die' be above 1 ETH on June 14?,will-the-floor-price-of-we-are-all-going-to-die-be-above-1-eth-on-june-14,,,,,True,True
246527,"Will $ETH be above $1,700 on June 17?",will-eth-be-above-1700-on-june-17,,,,,True,True
246532,"Will $ETH hit $1,000 or $2,000 first? ",will-eth-hit-1000-or-2000-first-1,,,,,True,True
246536,"Will the Ethereum Merge (EIP-3675) occur by November 1, 2022?",will-the-ethereum-merge-eip-3675-occur-by-november-1-2022,,,,,True,True
246538,Will $ETH hit 3 digits (sub $1000) by June 30?,will-ethereum-eth-hit-3-digits-by-june-30,,,,,True,True
246563,"Will $ETH be above $1,100 on June 24?",will-eth-be-above-1100-on-june-24,,,,,True,True
246574,Will the floor price of Ryder Ripps BAYC (RR/BAYC) be above 1 ETH on June 30?,will-the-floor-price-of-ryder-ripps-bayc-rrbayc-be-above-1-eth-on-june-30,,,,,True,True
246575,Will the floor price of Bored Apes be above 90 ETH on June 30?,will-the-floor-price-of-bored-apes-be-above-90-eth-on-june-30,,,,,True,True
246589,"Will $ETH be above $1,200 on July 1?",will-eth-be-above-1200-on-july-1,,,,,True,True
246631,"Will $ETH be above $1,000 on July 8?",will-eth-be-above-1000-on-july-8,,,,,True,True
246659,Will Bitcoin or Ethereum perform better in July 2022?,will-bitcoin-or-ethereum-perform-better-in-july-2022,,,,,True,True
246676,"Will $ETH be above $1,200 on July 15?",will-eth-be-above-1200-on-july-15,,,,,True,True
246682,Will the floor price of Bored Apes be above 100 ETH on July 18?,will-the-floor-price-of-bored-apes-be-above-100-eth-on-july-18,,,,,True,True
246715,"Will $ETH fall below $1,000 by July 31?",will-eth-fall-below-1000-by-july-31,,,,,True,True
246727,"Will $ETH be above $1,200 on July 22?",will-eth-be-above-1200-on-july-22,,,,,True,True
246766,"Will $ETH hit $1,000 or $2,000 first?$",will-eth-hit-1000-or-2000-first,,,,,True,True
246767,Will the floor price of Bored Apes be above 90 ETH on July 25?,will-the-floor-price-of-bored-apes-be-above-90-eth-on-july-25,,,,,True,True
246795,"Will $ETH be above $1,600 on July 29?",will-eth-be-above-1600-on-july-29,,,,,True,True
246877,"Will $ETH be above $1,700 on August 5?",will-eth-be-above-1700-on-august-5,,,,,True,True
246921,"Will $ETH be above $1,700 on August 12?",will-eth-be-above-1700-on-august-12,,,,,True,True
246955,Will the floor price of CryptoPunks be 75 ETH or above on August 19?,will-the-floor-price-of-cryptopunks-be-75-eth-or-above-on-august-19,,,,,True,True
246961,Will ETH hit $2000 by August 19?,will-eth-hit-2000-by-august-19,,,,,True,True
246975,"Will the Ethereum Merge (EIP-3675) occur by September 16, 2022?",will-the-ethereum-merge-eip-3675-occur-by-september-16-2022,,,,,True,True
246980,"Will $ETH be above $1,900 on August 19?",will-eth-be-above-1900-on-august-19,,,,,True,True
247043,"Will $ETH be above $1,600 on August 26?",will-eth-be-above-1600-on-august-26,,,,,True,True
247044,Will the floor price of Bored Apes be 70 ETH or above on Aug 31?,will-the-floor-price-of-bored-apes-be-70-eth-or-above-on-aug-31,,,,,True,True
247084,Will $ETH hit $2000 again before the merge?,will-eth-hit-2000-again-before-the-merge,,,,,True,True
247085,Will the price of $ETH be higher or lower 1 week post-merge?,will-the-price-of-eth-be-higher-or-lower-1-week-post-merge,,,,,True,True
247272,Will the price of ETH be above $1400 on September 23?,will-the-price-of-eth-be-above-1400-on-september-23,,,,,True,True
247353,Will $ETH dip below $1000 by Nov 1?,will-ethereum-eth-dip-below-1000-by-nov-1,,,,,True,True
247355,Will the price of $ETH be above $1300 on Sept 30?,will-the-price-of-eth-be-above-1300-on-september-30,,,,,True,True
247409,Will the price of $ETH be above $1300 on October 7?,will-the-price-of-eth-be-above-1300-on-october-7,,,,,True,True
247462,Will the price of $ETH be above $1350 on October 14?,will-the-price-of-eth-be-above-1350-on-october-14,,,,,True,True
247661,Will the price of $ETH be above $1300 on October 21?,will-the-price-of-eth-be-above-1300-on-october-21,,,,,True,True
247769,Will the price of $ETH be above $1500 on November 4?,will-the-price-of-eth-be-above-1500-on-november-4,,,,,True,True
247824,Will $ETH dip below $1000 by Nov 11?,will-eth-dip-below-1000-by-november-11,,,,,True,True
248123,Will the price of $ETH be above $1200 on November 28?,will-the-price-of-eth-be-above-1200-on-november-28,,,,,True,True
248125,Will $ETH dip below $1000 by EOY?,will-eth-dip-below-1000-before-2023,,,,,True,True
248279,Will the price of $ETH be above $1200 on December 30?,will-the-price-of-eth-be-above-1200-on-december-30,,,,,True,True
248302,Will the price of $ETH be above $1200 on January 6?,will-the-price-of-eth-be-above-1200-on-january-6,,,,,True,True
248578,Will the price of $ETH be above $1700 on February 10?,will-the-price-of-eth-be-above-1700-on-february-10,,,,,True,True
248658,Will the price of $ETH be above $1700 on February 17 (11:59 PM ET)?,will-the-price-of-eth-be-above-1700-on-february-17-1159-pm-et,,,,,True,True
248822,Will $ETH be above $1700 on February 24?,will-eth-be-above-1700-on-february-24-12-pm-et,,,,,True,True
248888,"Will $ETH hit $1,000 or $2,000 first?",will-eth-hit-1000-or-2000-first-3,,,,,True,True
248957,Will the floor price of Bored Apes be above 67 ETH on March 31?,will-the-floor-price-of-bored-apes-be-above-67-eth-on-march-31,,,,,True,True
249079,Ethereum Shanghai Upgrade by April 15?,ethereum-shanghai-upgrade-by-april-15,,,,,True,True
249083,Will $ETH be above $1550 on March 17?,will-eth-be-above-1550-on-march-17,,,,,True,True
249345,Will $ETH be above $1700 on March 24?,will-eth-be-above-1700-on-march-24,,,,,True,True
249523,Will $ETH be above $1800 on March 31?,will-eth-be-above-1800-on-march-31,,,,,True,True
249551,Will $ETH be above $1750 on March 31?,will-eth-be-above-1750-on-march-31,,,,,True,True
249552,Will $ETH be above $1700 on March 31?,will-eth-be-above-1700-on-march-31,,,,,True,True
249696,Will $ETH moon after Shanghai?,will-eth-moon-after-shanghai,,,,,True,True
249760,Will $ETH be above $1700 on April 7?,will-eth-be-above-1700-on-april-7,,,,,True,True
249761,Will $ETH be above $1750 on April 7?,will-eth-be-above-1750-on-april-7,,,,,True,True
249762,Will $ETH be above $1800 on April 7?,will-eth-be-above-1800-on-april-7,,,,,True,True
249768,Will $ETH be above $1850 on April 7?,will-eth-be-above-1850-on-april-7,,,,,True,True
249804,"ETH above $1,850 on April 1?",crypto-eth-2023-04-01,,,,,True,True
249808,"ETH above $1,800 on April 2?",crypto-eth-2023-04-02,,,,,True,True
249810,"ETH above $1,800 on April 3?",crypto-eth-2023-04-03,,,,,True,True
249878,"ETH above $1,800 on April 4?",crypto-eth-2023-04-04,,,,,True,True
249888,"ETH above $1,850 on April 5?",crypto-eth-2023-04-05,,,,,True,True
249906,Will Jordan Spieth win the 2023 Masters Tournament?,will-jordan-spieth-win-the-2023-masters-tournament,,,,,True,True
249909,"ETH above $1,900 on April 6?",crypto-eth-2023-04-06,,,,,True,True
249984,"ETH above $1,850 on April 8?",crypto-eth-2023-04-08,,,,,True,True
249988,$ETH above $1800 on April 14?,crypto-eth-1800-2023-04-14,,,,,True,True
249989,$ETH above $1850 on April 14?,crypto-eth-1850-2023-04-14,,,,,True,True
249990,$ETH above $1900 on April 14?,crypto-eth-1900-2023-04-14,,,,,True,True
250052,"ETH above $1,850 on April 9?",crypto-eth-2023-04-09,,,,,True,True
250070,"ETH above $1,850 on April 10?",crypto-eth-2023-04-10,,,,,True,True
250096,"ETH above $1,900 on April 11?",crypto-eth-2023-04-11,,,,,True,True
250099,Will the floor price of Miladys be more than 1.5 ETH on Apr 24?,will-the-floor-price-of-miladys-be-more-than-1pt5-eth-on-apr-24,,,,,True,True
250100,Will the floor price of Miladys be more than 2.5 ETH on Apr 24?,will-the-floor-price-of-miladys-be-more-than-2pt5-eth-on-apr-24,,,,,True,True
250105,"ETH above $1,900 on April 12?",crypto-eth-2023-04-12,,,,,True,True
250109,"ETH above $1,900 on April 13?",crypto-eth-2023-04-13,,,,,True,True
250121,Will ETH hit $2k by Friday?,will-eth-hit-2k-by-friday,,,,,True,True
250122,$ETH above $2000 on April 14?,crypto-eth-2000-2023-04-14,,,,,True,True
250174,"Will ETH hit $2,500 by April 30?",will-eth-hit-2500-by-april-30,,,,,True,True
250191,"ETH above $2,100 on April 15?",crypto-eth-2023-04-15,,,,,True,True
250234,"ETH above $2,100 on April 16?",crypto-eth-2023-04-16,,,,,True,True
250237,"ETH above $2,100 on April 17?",crypto-eth-2023-04-17,,,,,True,True
250257,"ETH above $2,050 on April 18?",crypto-eth-2023-04-18,,,,,True,True
250315,"ETH above $2,100 on April 19?",crypto-eth-2023-04-19,,,,,True,True
250327,"ETH above $2,000 on April 20?",crypto-eth-2023-04-20,,,,,True,True
250334,"ETH above $1,950 on April 21?",crypto-eth-2023-04-21,,,,,True,True
250348,"ETH above $1,900 on April 22?",crypto-eth-2023-04-22,,,,,True,True
250437,"ETH above $1,900 on April 23?",crypto-eth-2023-04-23,,,,,True,True
250456,"ETH above $1,850 on April 24?",crypto-eth-2023-04-24,,,,,True,True
250505,"ETH above $1,800 on April 26?",crypto-eth-2023-04-26,,,,,True,True
250525,"ETH above $1,950 on April 27?",crypto-eth-2023-04-27,,,,,True,True
250558,"ETH above $1,900 on April 28?",crypto-eth-2023-04-28,,,,,True,True
250578,"ETH above $1,900 on April 29?",crypto-eth-1900-2023-04-29,,,,,True,True
250644,"ETH above $1,900 on May 1?",crypto-eth-1900-2023-05-01,,,,,True,True
250695,"ETH above $1,850 on May 3?",crypto-eth-1850-2023-05-03,,,,,True,True
250758,"ETH above $1,850 on May 5?",crypto-eth-1850-2023-05-05,,,,,True,True
250785,"ETH above $2,000 on May 6?",crypto-eth-2000-2023-05-06,,,,,True,True
250801,"ETH above $1,900 on May 7?",crypto-eth-1900-2023-05-07,,,,,True,True
250820,"ETH above $1,900 on May 8?",crypto-eth-1900-2023-05-08,,,,,True,True
250841,"ETH above $1,850 on May 9?",crypto-eth-1850-2023-05-09,,,,,True,True
250871,"ETH above $1,850 on May 10?",crypto-eth-1850-2023-05-10,,,,,True,True
250936,"ETH above $1,800 on May 12?",crypto-eth-1800-2023-05-12,,,,,True,True
250965,"ETH above $1,750 on May 13?",crypto-eth-1750-2023-05-13,,,,,True,True
251001,"ETH above $1,800 on May 15?",crypto-eth-1800-2023-05-15,,,,,True,True
251021,"ETH above $1,850 on May 16?",crypto-eth-1850-2023-05-16,,,,,True,True
251038,"ETH above $1,800 on May 17?",crypto-eth-1800-2023-05-17,,,,,True,True
251082,"ETH above $1,800 on May 19?",crypto-eth-1800-2023-05-19,,,,,True,True
251128,"ETH above $1,800 on May 21?",crypto-eth-1800-2023-05-21,,,,,True,True
251212,"ETH above $1,800 on May 23?",crypto-eth-1800-2023-05-23,,,,,True,True
251239,"ETH above $1,800 on May 25?",crypto-eth-1800-2023-05-25,,,,,True,True
251249,"ETH above $1,800 on May 26?",crypto-eth-1800-2023-05-26,,,,,True,True
251251,"ETH above $1,850 on May 27?",crypto-eth-1850-2023-05-27,,,,,True,True
251256,"ETH above $1,900 on May 30?",crypto-eth-1900-2023-05-30,,,,,True,True
251262,"ETH above $1,900 on May 31?",crypto-eth-1900-2023-05-31,,,,,True,True
251265,"ETH above $1,850 on June 1?",crypto-eth-1850-2023-06-01,,,,,True,True
251267,"ETH above $1,850 on June 2?",crypto-eth-1850-2023-06-02,,,,,True,True
251282,"ETH above $1,900 on June 2?",crypto-eth-1900-2023-06-02,,,,,True,True
251318,"ETH above $1,850 on June 7?",crypto-eth-1850-2023-06-07,,,,,True,True
251642,"ETH above $2,000 on June 30?",eth-above-2000-on-june-30,,,,,True,True
251799,"Will $ETH hit $2,500 by July 31?",will-eth-hit-2500-by-july-31,,,,,True,True
251806,"Will $ETH hit $2,000 again by July 31?",will-eth-hit-2000-again-by-july-31,,,,,True,True
251828,Opepen floor price over .69 ETH on July 28?,opepen-floor-price-over-69-eth-on-july-28,,,,,True,True
251855,"Will ETH hit $2,000 by EOY?",will-eth-hit-2000-by-eoy,,,,,True,True
251913,"ETH above $2,000 at end of August?",eth-above-2000-at-end-of-august,,,,,True,True
251919,US Ethereum ETF approved in 2023?,us-ethereum-etf-approved-in-2023,,,,,True,True
251945,"ETH above $2,000 at end of September?",eth-above-2000-at-end-of-september,,,,,True,True
252001,"ETH above $1,700 on Aug 25?",eth-above-1700-on-aug-25,,,,,True,True
252013,Will any Friend Tech user's share price be >5 ETH by Friday?,will-any-friend-tech-users-share-price-be-5-eth-by-friday,,,,,True,True
252014,Will Faze Banksâ€™ share price be >10 ETH this month?,will-faze-banks-share-price-be-over-10-eth-this-month,,,,,True,True
252087,"ETH above $1,700 on Sep 1?",eth-above-1700-on-sep-1,,,,,True,True
252120,"ETH above $1,700 on Sep 8?",eth-above-1700-on-sep-8,,,,,True,True
252227,Milady Floor above 3 ETH on September 22?,milady-floor-above-3-eth-on-september-22,,,,,True,True
252233,"ETH above $1,600 on Sep 22?",eth-above-1600-on-sep-22,,,,,True,True
252299,Parlay: US Bitcoin Spot and ETH Futures ETF this year?,parlay-us-bitcoin-spot-and-eth-futures-etf-this-year,,,,,True,True
252487,"ETH above $1,700 on October 13?",eth-above-1700-on-october-13,,,,,True,True
252726,"ETH above $1,600 on Halloween?",eth-above-1600-on-halloween,,,,,True,True
252998,"Will ETH hit $2,500 by EOY?",will-eth-hit-2500-by-eoy,,,,,True,True
253048,"Will $ETH hit $1,800 or $2,200 first?",will-eth-hit-1800-or-2200-first,,,,,True,True
253271,"Will $ETH hit $2,000 or $2,500 first?",will-eth-hit-2000-or-2500-first,,,,,True,True
253384,Elizabeth Warren crypto bill become law by June?,elizabeth-warren-crypto-bill-become-law-by-june,,,,,True,True
253397,Ethereum spot ETF approved by Jan 31?,ethereum-spot-etf-approved-by-jan-31,,,,,True,True
253452,Ethereum spot ETF approved by Mar 31?,ethereum-spot-etf-approved-by-mar-31,,,,,True,True
253518,"Will ETH hit $2,500 by Jan 31?",will-eth-hit-2500-by-jan-31,,,,,True,True
253520,Will SOL outperform ETH in January?,will-sol-outperform-eth-in-january,,,,,True,True
253558,SOL/ETH new high by Jan 31?,soleth-new-high-by-jan-31,,,,,True,True
253587,Ethereum spot ETF approved by June 30?,ethereum-spot-etf-approved-by-june-30,,,,,True,True
253639,Will Elizabeth Warren win the 2024 US Presidential Election?,will-elizabeth-warren-win-the-2024-us-presidential-election,,,,,True,True
253732,Will Elizabeth Warren win the popular vote in the 2024 Presidential Election?,will-elizabeth-warren-win-the-popular-vote-in-the-2024-presidential-election,,,,,True,True
253750,Ethereum ETF approved by May 31?,ethereum-etf-approved-by-may-31,,,,,True,True
253797,Will BTC or ETH reach all-time high first?,will-btc-or-eth-reach-all-time-high-first,,,,,True,True
253842,Will Elizabeth Warren win the 2024 Democratic Presidential Nomination?,will-elizabeth-warren-win-the-2024-democratic-presidential-nomination,,,,,True,True
253857,"Will ETH hit $3,000 in January?",will-eth-hit-3000-in-january,,,,,True,True
253978,Will the median gas price per blob be <0.0001 ETH one month after EIP-4844?,will-the-median-gas-price-per-blob-be-0pt0001-eth-one-month-after-eip-4844,,,,,True,True
253979,Will the median gas price per blob be between 0.0001 and 0.001 ETH one month after EIP-4844?,will-the-median-gas-price-per-blob-be-between-0pt0001-and-0pt001-eth-one-month-after-eip-4844,,,,,True,True
253980,Will the median gas price per blob be between 0.001 and 0.01 ETH one month after EIP-4844?,will-the-median-gas-price-per-blob-be-between-0pt001-and-0pt01-eth-one-month-after-eip-4844,,,,,True,True
253981,Will the median gas price per blob be between 0.01 and 0.1 ETH one month after EIP-4844?,will-the-median-gas-price-per-blob-be-between-0pt01-and-0pt1-eth-one-month-after-eip-4844,,,,,True,True
253983,Will the median gas price per blob be >=0.1 ETH one month after EIP-4844?,will-the-median-gas-price-per-blob-be-0pt1-eth-one-month-after-eip-4844,,,,,True,True
254060,"Will ETH dip below $2,000 by end of Jan?",will-eth-dip-below-2000-by-end-of-jan,,,,,True,True
254241,"Will ETH hit $2,500 in February?",will-eth-hit-2500-in-february,,,,,True,True
254309,Will lito.eth win Crypto: The Game?,will-litoeth-win-crypto-the-game,,,,,True,True
254411,"Will ETH hit $3,000 in February?",will-eth-hit-3000-in-february,,,,,True,True
254432,Ethereum all time high in 2024?,ethereum-all-time-high-in-2024,,,,,True,True
254494,"Will ETH hit $3,500 by May 31?",will-eth-hit-3500-by-may-31,,,,,True,True
254524,Ethereum ETF approved by end of March?,ethereum-etf-approved-by-end-of-march,,,,,True,True
254561,"ETH above $3,000 on March 1?",eth-above-3000-on-march-1,,,,,True,True
254754,Ethereum all time high in Q1 2024?,ethereum-all-time-high-in-q1-2024,,,,,True,True
254755,Ethereum all time high in Q2 2024?,ethereum-all-time-high-in-q2-2024,,,,,True,True
254758,Ethereum all time high in Q3 2024?,ethereum-all-time-high-in-q3-2024,,,,,True,True
254759,Ethereum all time high in Q4 2024?,ethereum-all-time-high-in-q4-2024,,,,,True,True
254760,No Ethereum all time high in 2024?,no-ethereum-all-time-high-in-2024,,,,,True,True
255228,Ethereum all time high by Friday?,ethereum-all-time-high-by-friday,,,,,True,True
255230,Ethereum all time high by end of March?,ethereum-all-time-high-by-end-of-march,,,,,True,True
255323,Will Ethereum hit $15k in 2024?,will-ethereum-hit-15k-in-2024,,,,,True,True
